operating_temp_c,grid_voltage_v,solar_irradiance_wm2,relative_humidity_pct,panel_fault_status
58.73,217.96,341.12,87.47,1
62.8,225.02,1061.38,49.26,0
22.14,217.35,686.76,42.87,0
32.86,236.81,776.43,89.17,0
71.4,210.06,524.54,60.74,0
82.54,229.56,207.37,79.33,1
43.02,240.27,247.98,22.39,0
87.02,253.38,1048.96,34.67,0
74.12,200.58,1049.71,35.46,1
34.25,188.17,504.82,83.58,0
61.57,259.83,837.19,21.95,0
46.41,219.71,786.93,87.21,0
33.64,258.15,727.24,42.99,0
78.92,255.25,825.53,87.05,0
92.41,214.04,687.48,29.54,0
37.43,211.02,272.71,22.91,1
26.27,215.5,584.0,43.83,0
65.27,218.56,1065.81,85.12,0
74.67,230.2,278.92,42.43,0
40.72,201.04,204.13,55.28,0
71.4,258.89,609.19,81.86,0
58.84,183.32,651.13,29.27,0
23.64,190.2,629.21,84.31,0
30.34,229.83,869.03,34.95,0
34.02,249.83,732.04,79.14,0
94.57,259.41,799.12,24.57,0
59.05,219.72,798.07,26.07,0
63.41,252.05,679.91,51.5,0
75.11,236.02,706.24,43.95,0
60.65,195.82,635.95,25.92,0
88.49,253.99,461.76,81.42,0
80.59,187.25,659.77,47.83,1
50.22,213.63,717.12,25.44,0
46.79,243.91,260.52,26.58,0
91.47,232.59,635.32,42.39,0
45.77,251.76,456.99,86.02,0
84.88,194.66,916.57,46.61,1
82.27,226.55,1050.43,51.32,0
60.36,208.49,989.75,69.62,0
89.19,205.92,1088.48,55.2,0
27.29,211.67,335.27,66.65,0
27.71,258.08,446.69,41.29,0
72.61,245.8,359.73,30.35,0
86.79,216.24,445.65,39.51,0
31.97,212.98,1005.28,84.56,0
40.67,225.69,903.73,83.88,0
70.44,217.47,369.0,62.65,0
32.32,208.34,1091.63,70.49,0
72.6,247.91,841.44,30.68,0
56.57,241.16,245.6,86.67,1
71.05,207.55,1006.12,72.95,1
59.12,218.42,843.13,30.08,0
23.25,214.99,832.99,71.57,0
36.8,233.58,672.24,40.61,1
63.14,222.26,565.12,83.43,0
29.03,258.67,789.16,88.58,0
57.51,247.27,469.36,47.8,0
30.35,211.91,464.07,69.64,0
23.96,207.76,433.71,51.24,0
33.37,231.32,929.78,74.86,0
53.18,218.33,493.45,81.74,0
85.82,213.48,850.81,61.32,0
91.19,243.97,552.96,20.58,0
55.86,249.6,569.48,76.23,0
54.58,246.77,597.85,34.79,0
67.8,228.47,441.83,61.07,0
44.35,208.4,695.45,28.09,0
28.82,246.89,779.37,36.19,0
23.83,209.74,289.23,82.78,1
67.82,201.39,256.87,66.71,0
80.92,207.35,1012.25,60.19,1
70.27,241.14,311.86,62.92,0
68.88,257.73,261.86,82.66,1
51.84,187.61,719.26,88.53,0
69.24,233.14,1072.73,61.56,1
35.69,242.11,432.27,21.5,0
69.49,219.94,305.71,51.09,0
59.72,232.24,502.29,79.0,1
76.14,222.41,838.63,52.47,0
27.03,217.22,266.06,43.15,0
78.84,181.54,458.54,64.07,1
71.54,230.37,992.53,23.64,0
72.13,214.55,603.93,35.85,1
57.26,242.46,1051.48,39.96,0
93.15,210.91,960.52,33.38,0
35.26,192.38,377.11,45.27,0
42.43,200.18,718.06,62.23,1
37.07,249.29,234.5,70.69,0
23.61,213.55,991.64,53.78,0
87.8,232.09,643.44,39.41,0
26.01,201.49,1074.77,23.66,0
65.54,209.51,554.96,28.32,0
67.31,225.02,576.16,66.26,0
48.35,225.55,316.45,74.51,1
20.99,189.09,783.68,20.14,0
83.17,186.7,778.35,59.41,1
48.87,189.65,419.45,50.8,0
61.37,209.68,942.32,89.31,0
73.29,226.65,418.9,36.88,0
70.65,211.8,424.38,44.51,0
72.09,243.42,873.38,87.78,0
45.68,242.75,314.7,65.02,0
50.93,245.47,400.99,75.99,1
37.98,212.04,476.11,71.75,0
92.66,192.15,201.08,40.18,1
41.64,220.57,208.43,60.94,0
31.05,228.79,504.79,64.42,0
29.7,189.39,413.52,40.93,0
90.8,228.27,599.18,39.04,0
46.36,198.39,580.08,72.69,0
75.02,206.48,536.53,58.89,1
88.54,193.24,325.63,25.9,1
72.57,201.04,736.52,47.13,1
49.14,189.26,829.83,38.87,0
90.67,197.8,279.64,37.36,1
75.24,228.63,954.32,81.67,0
37.88,200.43,282.26,35.43,1
81.78,210.5,347.94,63.55,0
77.05,194.52,241.2,64.94,1
49.6,206.83,426.01,59.15,0
35.01,256.39,416.99,74.25,0
73.44,230.67,681.39,35.58,0
83.4,216.36,945.03,43.25,0
47.65,234.3,410.35,39.59,0
52.77,210.86,582.72,53.11,0
46.74,241.79,686.85,85.8,0
37.98,241.55,614.24,31.81,0
69.0,196.07,927.76,24.86,0
49.28,236.81,201.52,88.02,1
69.33,235.63,409.04,22.48,0
47.17,230.14,471.79,62.35,1
46.74,255.87,934.85,24.14,0
34.64,215.39,338.36,54.19,0
94.05,236.57,634.79,32.91,0
21.75,202.12,896.2,64.62,0
61.11,196.11,664.21,71.71,0
62.07,209.21,781.29,24.05,0
25.61,199.51,857.88,22.39,0
86.92,212.21,541.36,65.12,0
28.3,227.57,289.35,81.92,1
66.93,213.31,852.48,79.7,0
27.56,227.49,304.41,84.94,1
73.31,215.81,458.74,47.7,0
86.1,221.62,809.06,62.42,1
72.15,213.86,942.03,70.21,0
39.96,235.28,481.51,38.15,0
88.25,203.62,935.6,59.65,1
63.47,256.01,262.79,67.51,0
46.98,240.79,480.27,22.48,0
83.95,215.29,804.64,74.68,0
38.46,218.3,955.33,48.51,0
78.53,249.95,630.52,24.68,0
23.41,247.04,564.98,69.12,0
86.38,233.42,935.1,55.54,0
40.73,188.75,271.78,61.74,0
63.57,259.64,964.64,64.18,0
88.3,250.58,755.25,31.11,0
94.44,209.13,957.18,26.38,1
24.67,206.46,826.21,46.51,0
89.64,244.0,232.08,60.61,0
58.79,184.64,802.01,55.14,0
90.9,258.14,563.72,30.06,0
61.02,237.96,530.49,26.66,0
39.81,181.87,237.08,31.73,0
68.54,227.78,582.18,74.61,0
54.72,193.37,434.36,52.96,1
67.33,256.91,292.22,66.25,0
58.34,250.05,1006.43,79.57,0
36.68,233.56,483.75,89.1,0
75.09,191.89,583.16,39.63,1
79.97,198.65,327.32,52.81,1
85.75,183.35,846.07,87.31,1
42.7,249.23,540.68,22.8,0
65.7,211.92,987.76,50.64,0
26.38,229.69,665.8,65.93,0
43.94,224.19,976.32,21.46,0
81.16,190.9,328.68,81.36,1
85.43,183.77,347.17,26.89,1
86.8,229.77,471.1,30.26,0
71.74,242.98,345.24,57.36,0
88.7,195.93,876.2,48.93,1
50.54,205.54,878.86,79.87,0
32.2,242.22,399.86,24.13,0
33.81,228.93,279.35,56.86,0
36.78,215.32,559.64,51.58,0
20.09,252.25,401.15,32.59,0
37.01,243.75,399.61,28.85,1
89.82,208.65,549.38,78.45,1
75.39,202.51,597.68,20.68,1
88.81,222.55,957.44,85.62,0
65.26,214.8,1030.6,22.52,0
54.08,223.63,589.17,43.93,0
43.51,192.31,842.86,52.83,0
48.57,183.57,389.66,74.11,0
68.21,251.12,621.66,74.53,0
80.49,256.57,538.75,35.57,0
29.79,204.75,708.46,28.33,0
74.79,190.77,554.69,20.63,1
20.41,197.52,418.23,67.79,0
68.8,245.34,917.55,55.5,0
53.98,239.69,274.75,24.48,0
35.05,184.51,652.37,63.8,0
67.33,218.43,1030.53,75.97,0
21.33,184.57,363.12,76.3,1
82.89,182.73,977.72,55.76,1
59.42,246.06,824.75,50.04,0
47.82,188.84,860.89,58.18,0
51.93,183.58,316.09,31.13,0
39.88,212.23,259.91,81.77,1
53.48,246.83,422.77,70.47,0
93.7,249.68,519.25,66.96,0
76.4,193.1,309.42,49.95,1
59.07,221.62,1019.19,47.35,0
54.68,232.64,755.91,51.79,0
25.06,196.6,1098.68,88.77,0
66.71,192.75,1024.32,36.97,0
73.97,242.66,584.98,32.61,1
53.81,197.39,252.79,70.14,0
71.36,200.93,967.92,66.13,1
74.94,186.08,836.34,37.29,1
31.24,234.87,618.4,65.56,0
65.67,214.82,921.33,30.0,0
84.7,217.28,496.76,28.68,0
20.87,204.65,1081.57,49.12,0
79.99,249.41,592.52,88.82,0
91.51,189.91,789.89,29.05,1
27.89,243.89,823.58,51.29,0
53.57,248.94,741.9,52.51,0
52.83,254.58,639.71,89.08,0
66.55,221.89,837.7,63.41,0
47.69,195.9,491.7,61.68,0
49.65,250.62,540.82,65.86,0
43.14,229.19,468.53,79.31,0
64.41,191.8,608.13,77.73,0
33.86,210.68,494.01,68.54,0
92.56,214.97,582.84,83.46,0
85.96,211.77,955.99,53.03,0
28.96,249.99,743.39,80.67,0
71.76,206.08,1050.95,41.85,1
87.8,185.39,300.79,62.51,1
65.31,257.45,910.23,36.08,0
56.86,181.78,622.8,24.22,0
79.49,184.38,999.83,48.64,1
33.28,204.63,467.68,27.36,0
45.65,229.0,736.7,72.1,0
39.16,260.0,306.72,87.74,0
37.45,251.08,797.92,68.47,0
77.08,196.31,986.99,70.5,1
90.76,256.01,704.24,41.17,1
55.84,211.13,983.35,30.5,0
22.31,222.41,1039.45,42.23,0
64.41,226.04,865.11,27.88,0
45.26,228.43,743.26,88.14,0
57.81,256.65,930.83,23.3,0
21.78,249.52,825.37,85.67,1
43.37,234.1,1030.84,70.43,0
84.32,244.76,940.57,70.3,0
50.45,229.56,275.07,54.98,0
63.19,205.32,578.83,67.93,0
71.84,180.69,686.43,50.76,1
84.79,215.02,967.93,40.47,0
82.51,248.9,201.49,35.84,1
77.6,186.96,691.65,59.72,1
41.5,188.36,243.55,55.3,1
42.94,246.15,391.6,68.67,1
81.94,195.89,675.96,24.2,1
62.81,180.08,679.41,55.2,1
38.61,207.51,888.6,52.01,0
20.94,212.11,887.14,80.73,1
44.97,232.38,560.47,39.16,0
49.47,216.01,477.26,87.5,0
80.1,257.72,763.38,72.5,0
87.17,187.28,608.69,29.45,1
76.64,198.19,545.64,28.08,1
70.18,229.12,865.15,46.11,0
81.9,233.23,874.33,72.28,0
24.7,184.5,987.08,61.46,0
78.55,231.37,791.31,49.92,0
25.04,231.34,398.35,71.56,0
29.92,248.98,227.45,25.92,0
74.53,236.67,286.66,30.46,0
38.83,256.67,342.5,22.65,0
61.06,194.65,1074.7,46.26,0
21.01,193.47,968.36,26.09,0
25.39,200.46,955.11,28.87,0
30.3,223.19,602.83,88.73,0
45.61,185.43,431.29,61.25,0
63.25,201.87,859.74,28.32,0
35.58,245.51,1034.12,79.12,0
89.26,199.61,417.87,51.81,1
39.33,230.3,951.6,60.64,0
72.07,187.43,1034.11,37.59,1
76.99,193.62,430.26,41.86,1
94.82,193.93,851.53,28.51,1
79.06,252.23,1060.24,66.23,0
47.15,181.54,604.27,51.76,0
45.05,224.77,952.23,72.97,0
75.74,219.18,494.46,74.74,0
44.17,186.69,441.98,50.47,0
48.5,224.12,938.62,80.76,0
72.0,190.44,1093.24,21.89,1
49.77,181.31,611.73,28.61,0
28.95,211.78,312.26,60.81,0
62.83,211.07,643.95,20.17,0
33.7,207.01,811.09,48.51,0
55.15,193.44,580.58,25.98,1
90.36,235.46,963.53,44.91,0
53.3,256.96,403.04,27.07,0
67.43,249.49,493.29,68.87,0
41.44,214.39,609.26,59.48,0
65.65,242.46,601.63,76.13,0
71.4,191.31,769.26,63.18,1
81.54,256.43,279.85,67.25,0
43.44,218.17,688.89,72.99,0
41.07,222.3,846.1,42.43,0
42.3,257.44,1078.61,59.43,0
53.57,235.13,235.13,23.12,0
64.21,219.22,975.75,51.54,0
86.37,191.37,247.59,53.14,1
94.88,222.71,298.73,71.14,0
48.04,184.06,544.12,50.53,0
27.55,251.42,234.57,59.16,0
81.62,239.83,931.81,29.57,0
59.16,181.97,361.59,26.39,1
74.92,202.79,607.96,30.69,1
67.68,214.01,855.92,21.51,0
68.76,258.04,408.03,72.95,0
87.04,181.8,228.06,72.01,1
59.92,200.81,522.16,27.39,1
34.64,211.53,895.67,75.31,0
29.22,245.58,325.35,69.09,0
93.1,259.28,873.61,60.73,0
37.24,227.95,281.57,39.6,0
36.98,223.64,392.72,25.07,0
69.71,188.12,774.32,26.7,0
55.83,231.54,881.92,71.9,0
73.51,200.05,436.26,68.26,1
73.07,208.37,1006.58,64.52,1
57.49,215.69,864.85,66.24,0
29.5,196.19,859.35,82.2,0
86.5,209.15,898.69,41.92,1
35.72,247.59,1065.07,58.45,0
52.3,188.6,261.16,42.3,0
88.42,254.53,790.89,48.33,0
90.43,190.49,1091.65,42.31,1
63.39,256.03,531.97,66.66,1
84.78,224.54,381.57,71.6,1
71.27,216.19,699.46,56.84,0
55.97,180.51,871.92,59.01,0
53.24,201.58,247.46,83.54,1
29.0,224.51,536.58,27.54,0
53.13,205.94,712.04,85.35,0
52.56,225.91,495.25,36.4,0
55.41,229.43,855.87,34.28,0
42.79,208.06,286.02,83.32,1
86.71,224.78,1006.85,72.09,0
20.72,200.42,432.24,77.04,0
27.13,242.43,332.21,24.19,0
70.23,196.32,982.71,28.53,1
50.61,219.67,341.1,50.89,0
83.4,206.82,1077.76,51.34,1
43.38,203.8,951.33,38.05,1
84.21,214.46,429.66,73.45,0
22.53,231.74,953.6,44.74,1
94.42,214.98,861.94,48.99,0
92.46,217.12,819.47,59.46,0
92.84,225.42,913.5,61.59,0
23.3,234.58,1039.54,55.4,0
89.02,211.91,267.03,49.75,0
69.22,218.21,222.58,74.27,1
56.45,204.88,454.11,59.63,0
44.55,199.43,846.3,81.56,0
88.65,243.32,542.66,70.35,0
26.56,256.54,899.39,57.21,1
84.1,215.41,624.18,72.09,0
40.21,230.57,781.14,42.49,0
58.95,204.07,691.66,72.18,0
60.15,226.09,560.59,31.76,1
85.28,180.26,327.94,74.56,1
22.29,225.43,584.74,26.13,0
87.16,256.59,796.08,20.04,0
27.49,191.05,561.58,21.2,0
84.86,248.18,267.18,53.31,0
88.41,210.23,451.03,60.94,0
77.79,200.01,1042.03,48.82,1
22.64,211.25,802.88,68.98,1
46.71,182.9,715.7,78.32,0
66.92,196.59,345.05,55.53,0
30.21,239.53,639.43,88.23,0
81.8,245.03,259.25,63.29,0
20.08,247.51,235.97,60.37,0
72.15,227.31,248.91,20.44,0
62.37,242.83,680.92,70.73,0
35.99,191.52,650.92,74.54,0
66.31,213.46,683.09,75.44,0
84.41,192.11,664.5,37.37,1
73.4,207.77,980.92,88.72,0
68.35,220.38,557.85,71.25,0
71.16,244.53,891.68,80.58,0
54.86,199.07,689.1,66.92,1
49.78,241.42,594.94,86.61,0
27.67,254.99,567.11,22.52,0
22.03,212.41,730.46,74.63,0
53.36,203.02,493.19,75.55,0
66.8,258.71,786.21,31.15,0
44.31,182.03,308.34,39.0,0
61.39,223.97,383.63,64.39,0
71.88,220.14,986.76,83.53,0
23.0,205.8,571.3,66.7,0
68.23,245.49,999.04,69.46,0
83.19,215.34,481.78,87.74,0
77.65,199.65,912.89,26.19,1
24.99,249.57,1089.78,22.98,0
47.7,220.87,1048.85,22.71,0
57.41,246.39,958.97,52.11,0
50.15,203.33,872.58,72.72,0
33.8,213.89,673.45,68.74,0
87.23,248.35,408.18,23.45,0
90.28,205.9,302.05,72.71,0
27.12,250.04,506.19,36.27,0
37.33,197.56,677.16,77.11,0
20.03,220.41,725.09,86.05,0
58.49,253.18,767.41,22.11,0
80.32,221.78,720.75,25.56,0
49.29,206.11,423.83,57.98,0
42.07,253.45,940.75,63.0,0
52.13,251.72,536.16,47.47,0
53.35,188.33,822.24,73.89,0
91.47,205.67,735.55,64.38,1
21.22,244.51,361.13,80.47,1
39.28,195.58,400.93,53.61,0
20.38,215.87,901.06,34.41,0
59.92,201.82,326.81,70.45,0
78.41,248.72,457.16,47.84,0
82.9,244.86,206.97,52.87,1
88.67,250.16,415.31,46.51,0
47.2,202.67,632.77,27.14,0
59.66,259.7,1075.61,61.16,0
81.82,259.05,1059.7,65.36,0
76.45,219.41,274.33,66.79,0
45.15,216.0,557.95,33.04,0
72.26,254.45,230.45,77.24,1
86.25,251.08,620.55,39.42,0
24.52,259.68,985.98,88.93,0
69.18,255.41,249.34,65.32,0
45.78,198.88,479.49,30.03,0
43.65,249.5,726.92,72.85,0
87.51,184.54,865.2,80.97,1
45.53,231.02,727.56,87.42,0
93.09,255.06,943.54,48.46,1
71.29,254.93,590.36,79.06,0
63.43,251.05,421.23,33.6,0
94.27,206.03,894.93,22.76,1
37.36,253.38,1028.23,22.86,0
25.08,234.29,952.07,33.28,0
23.32,243.65,692.53,23.91,0
87.04,213.71,676.58,88.51,0
74.62,187.34,557.53,43.34,1
73.76,205.61,485.67,42.91,1
77.99,213.99,837.49,86.35,0
76.79,245.1,669.91,31.63,0
25.64,216.0,640.5,25.7,0
51.76,219.53,253.51,41.33,0
49.28,255.59,635.63,32.47,0
56.06,248.71,997.01,77.89,0
63.62,238.63,697.2,75.53,1
23.24,233.07,866.15,20.83,0
90.46,238.98,534.42,20.57,0
64.55,224.38,633.65,85.76,0
48.54,228.05,424.44,34.97,0
94.64,221.44,910.16,52.24,0
42.06,201.36,656.34,82.5,0
38.29,186.27,202.1,36.98,0
93.54,257.28,796.79,44.0,0
51.1,214.29,1093.51,63.59,0
66.27,249.67,790.47,55.5,0
20.89,220.7,363.18,66.11,0
63.09,198.26,307.93,27.2,0
28.7,239.46,1066.17,72.54,0
46.95,258.83,869.07,44.42,0
42.33,252.98,550.47,68.05,0
31.98,248.17,636.64,54.58,0
46.28,257.61,766.41,34.22,0
90.05,185.0,623.47,81.75,1
77.99,209.88,1028.16,41.76,1
88.04,217.23,572.47,54.02,0
25.51,249.52,234.3,84.02,1
47.9,216.58,849.6,52.78,0
45.47,241.84,912.52,24.14,0
29.87,242.08,306.99,72.34,0
85.23,190.44,295.76,66.05,1
22.85,224.8,532.45,23.78,0
35.06,215.2,326.57,52.86,0
57.25,246.53,829.79,25.05,0
91.63,230.65,827.52,76.19,0
21.29,185.41,908.07,42.46,0
77.21,224.98,418.85,50.53,0
41.71,236.88,408.38,27.31,0
62.18,190.64,801.72,55.27,0
26.23,231.57,822.79,57.44,0
67.53,225.24,465.81,89.67,0
46.14,231.3,260.12,35.6,0
61.87,226.45,993.37,23.39,1
80.45,225.73,332.49,53.75,0
91.65,233.9,916.67,37.43,0
66.74,201.66,590.92,25.57,0
25.18,206.24,834.16,64.35,0
51.32,226.09,958.47,65.1,0
39.94,191.37,440.07,47.68,0
78.37,243.06,469.11,63.57,0
80.25,224.72,806.7,38.28,0
64.96,208.25,738.16,53.15,0
54.35,208.87,631.32,55.56,0
31.58,182.01,618.21,58.56,0
45.78,223.72,507.06,41.53,0
57.57,254.36,1024.3,32.14,0
62.56,195.8,836.97,54.48,0
22.64,228.75,389.38,55.15,1
69.28,206.3,782.6,42.65,0
42.3,250.12,454.95,37.8,0
64.67,210.08,858.94,59.11,0
65.59,191.93,594.74,44.7,0
55.78,201.93,993.86,45.19,0
69.76,229.33,577.67,29.26,0
64.52,203.33,214.75,63.1,0
82.06,249.99,384.38,82.39,1
45.04,249.75,345.18,62.53,0
41.23,189.07,508.42,59.13,0
41.58,225.27,691.45,63.52,0
53.91,233.56,241.04,88.15,1
87.91,189.1,757.44,51.1,1
35.58,187.17,500.95,57.14,0
92.77,250.54,284.41,60.22,0
30.81,232.25,387.51,24.54,0
57.98,243.86,534.9,82.21,0
62.03,193.99,648.57,27.31,0
27.98,185.36,536.11,58.74,0
30.5,207.92,501.73,41.26,0
65.52,203.02,233.43,83.84,1
77.39,255.32,933.66,85.28,0
39.32,225.58,704.44,46.82,0
23.74,244.05,327.99,76.5,1
35.99,213.61,1033.06,76.17,0
42.27,180.37,457.55,25.17,0
40.55,181.22,901.01,51.53,1
28.5,192.41,462.43,32.39,0
84.65,251.23,394.41,32.12,1
20.53,188.13,430.88,54.01,0
70.7,203.08,350.13,50.78,0
69.81,254.64,786.68,47.61,0
38.53,210.94,976.51,52.16,0
27.45,226.27,1086.23,45.13,0
50.19,213.61,825.76,77.44,0
26.67,209.98,756.54,64.99,0
21.13,249.78,452.08,49.43,0
92.31,252.43,873.13,69.73,0
21.33,205.06,939.47,54.82,0
21.21,220.14,393.42,31.99,0
27.02,257.03,923.95,51.9,0
72.74,241.51,609.52,47.11,0
84.53,234.53,776.08,37.49,0
85.0,197.47,805.71,64.2,1
24.61,199.63,1014.77,42.92,0
64.81,227.44,203.78,34.96,0
61.43,237.67,559.67,60.79,0
80.61,228.0,825.29,53.95,0
76.82,221.02,906.81,65.11,0
49.74,232.37,375.67,24.89,0
56.21,207.51,1060.64,22.28,0
40.23,256.98,1012.89,63.24,0
66.23,225.36,577.34,80.61,0
68.4,237.24,795.13,41.42,0
56.05,237.94,1030.87,41.28,1
89.34,200.09,478.82,83.77,1
72.03,243.23,515.07,59.83,0
77.81,196.14,643.98,75.46,1
42.97,217.64,399.2,78.43,1
73.08,193.58,343.95,37.58,1
39.08,217.25,333.41,38.18,0
93.46,225.63,532.73,70.95,0
43.61,247.44,510.27,25.89,1
74.62,225.58,633.76,74.2,1
20.78,248.78,475.44,56.61,0
34.17,213.8,361.45,60.45,0
22.69,192.79,1037.13,78.64,0
42.44,241.08,618.88,33.08,0
38.8,228.47,896.97,21.15,0
24.19,187.21,354.61,34.27,0
57.33,213.09,380.47,50.71,0
32.78,210.34,588.05,62.36,0
87.41,193.07,1054.3,71.93,1
83.02,224.36,788.78,69.26,0
82.13,193.39,636.16,78.64,1
56.13,214.51,917.05,46.96,0
87.64,232.88,957.32,80.72,0
37.63,237.88,734.7,34.64,0
42.3,234.65,409.92,43.16,0
45.04,254.7,677.52,80.79,0
85.73,195.85,912.6,83.08,1
39.94,208.87,412.14,52.06,0
